seed,sample_size,seq_length,steps,burn_in,retained_states,time_move,time_step_size,mutation_step_size,spr_moves_per_step,wall_clock_s,runtime_ms_per_step,vanilla_ms_per_step,record_ms_per_step,record_overhead_pct,acceptance_spr,acceptance_times,acceptance_mutation,loglik_mean,loglik_sd,loglik_q10,loglik_median,loglik_q90,loglik_ess,loglik_rough_burn_in_fraction,mutation_mean,mutation_sd,mutation_q10,mutation_median,mutation_q90,mutation_ess,mutation_rough_burn_in_fraction,compressed_intervals,interval_fraction,trees_raw_bytes,trees_gz_bytes,fresh_trees_raw_bytes,fresh_trees_gz_bytes,newick_raw_bytes,newick_gz_bytes,compressed_interval_scan_ms,per_sample_newick_branch_length_ms,random_access_ts_at_ms,random_access_newick_ms
42,64,1400,5000,1000,4000,local,1.0,0.1,2,32.099279833000004,6.419855966600001,6.1579770916,6.4586112,4.882027067136868,0.4875,0.7738,0.8102,-2265.8197357846684,4413.785106116712,-1895.7642753538025,-1044.5840730252103,-1044.1885527764332,14.208097468618583,0.2176,0.3989480288998401,0.3682169513052372,0.10064255576040769,0.19926833264739802,1.0,8.976746518771428,0.6376,3814,0.9535,1135004,341706,24198900,3530131,10044688,340578,3.926582999994821,106.96737499999642,2.7985829999863654,2.8685420000016393
123,64,1400,5000,1000,4000,local,1.0,0.1,2,31.417846666999992,6.283569333399998,6.085363274999998,6.130146433199997,0.7359159375739764,0.5052,0.7802,0.6682,-1948.0506100639984,2986.6033632521794,-1382.2903223478813,-1380.1857684709119,-1379.9277401321267,28.365957002973072,0.0638,0.40844783284357555,0.23423416192554386,0.29402638112881024,0.34573143730177514,0.4945481357608932,12.368452880809874,0.1426,3782,0.9455,1131404,341283,24198900,3536049,10122250,340828,3.6915409999949134,107.37904100000151,2.9613339999912114,2.7025840000192147
999,64,1400,5000,1000,4000,local,1.0,0.1,2,31.803026082999992,6.360605216599999,6.257409441799996,6.301247650000005,0.7005807851914969,0.5022,0.789,0.7208,-2218.183595760337,4037.1182201699476,-1940.8121055673043,-1277.5521065693792,-1277.068645961286,19.836214270393956,0.2564,0.3213378634100258,0.6592935060377169,0.09091600451623888,0.12996911305939285,0.9907040798380008,12.980882773528506,0.1146,3806,0.9515,1148372,345985,24198900,3546234,10073420,343249,3.7075829999935195,107.54270899997209,3.0274999999733154,2.6969999999550964
